DoctorID,DoctorName,DepartmentID,ExperienceYears
1,Dr. Verma (1),6,8
2,Dr. Bose (2),7,21
3,Dr. Mehta (3),7,19
4,Dr. Patel (4),2,5
5,Dr. Singh (5),3,25
6,Dr. Kapoor (6),4,7
7,Dr. Verma (7),4,24
8,Dr. Joshi (8),1,2
9,Dr. Iyer (9),5,24
10,Dr. Verma (10),2,24
11,Dr. Nair (11),6,23
12,Dr. Chopra (12),6,20
13,Dr. Joshi (13),8,15
14,Dr. Bose (14),6,21
15,Dr. Joshi (15),3,9
16,Dr. Bose (16),8,23
17,Dr. Nair (17),4,17
18,Dr. Gupta (18),3,14
19,Dr. Kapoor (19),8,16
20,Dr. Patel (20),3,17
21,Dr. Nair (21),1,3
22,Dr. Khan (22),4,5
23,Dr. Gupta (23),7,8
24,Dr. Malhotra (24),2,5
25,Dr. Bose (25),4,14
26,Dr. Mehta (26),2,20
27,Dr. Singh (27),6,20
28,Dr. Kapoor (28),4,15
29,Dr. Nair (29),3,25
30,Dr. Patel (30),2,17
31,Dr. Patel (31),5,4
32,Dr. Iyer (32),6,23
33,Dr. Verma (33),8,18
34,Dr. Nair (34),4,19
35,Dr. Malhotra (35),2,17
36,Dr. Verma (36),7,17
37,Dr. Kapoor (37),6,4
38,Dr. Kapoor (38),6,17
39,Dr. Reddy (39),1,24
40,Dr. Mehta (40),3,10
41,Dr. Gupta (41),7,18
42,Dr. Bose (42),7,2
43,Dr. Joshi (43),4,11
44,Dr. Khan (44),7,14
45,Dr. Verma (45),7,29
46,Dr. Chopra (46),4,8
47,Dr. Patel (47),8,9
48,Dr. Malhotra (48),3,13
